{"cameraMode":{"drawMode":0,"name":"Shaded","section":"Shading Mode"},"sceneLighting":false,"audioPlay":false,"sceneViewState":{"showFog":true,"showMaterialUpdate":false,"showSkybox":false,"showFlares":true,"showImageEffects":true,"showParticleSystems":true},"in2DMode":false,"pivot":{"x":0.2033480405807495,"y":-0.1543000340461731,"z":-0.20282220840454102},"rotation":{"x":-0.03480147570371628,"y":0.008092059753835202,"z":-0.0002818059001583606,"w":-0.999361515045166},"size":10.0,"orthographic":false}